scenario,seed,method,category_cate_mse,top_att_mse,rank_att_mse,brier,log_loss,fit_seconds,prediction_seconds,coverage,top_coverage,top_width,diagnostic_failures,max_rhat,min_bulk_ess,min_tail_ess,baseline_gradient,baseline_warnings,baseline_code,attempts,initial_diagnostic_failures
rare_top,91000,ordinal_longbet,0.0004582909375126331,7.4029597672875e-05,0.004099409057415491,0.5394858977837169,1.0419155404468055,254.23687686799985,72.63426512800015,1.0,1.0,0.04709918707671958,0,1.001774042742596,2126.8389584975153,8793.639006163205,,0,,1,0
rare_top,91000,ordinal_spline,0.0017043331427954213,0.00010450684875086959,0.006595398774913921,0.5430288206460645,1.0487991883837675,0.04799999999999993,0.051000000000000045,,,,,,,,2.2526478460349608e-08,0,0,,
rare_top,91000,ordinal_scale,0.0021069111121458134,0.0006265833048021098,0.007382827045189223,0.543641607036047,1.0520793356124096,0.039999999999999925,0.050000000000000044,,,,,,,,3.254782443562476e-09,0,0,,
rare_top,91000,boosted_tree,0.005903690313438155,0.0005925830270316046,0.0036833871180340077,0.5612225084165609,1.0961063418025574,11.951531450000402,0.05748781300007977,,,,,,,,,0,,,
rare_top,91000,binary_longbet,,0.0007559184919340772,,,,100.04358017599952,39.1034638050005,0.8333333333333334,0.8333333333333334,0.07694697158537254,0,1.0091702246671268,770.9967736794758,1973.37075533848,,0,,1,0
rare_top,91001,ordinal_longbet,0.0003931834516135916,6.929069358964521e-05,0.005392715786267065,0.5441858211446218,1.0651215752882288,256.38968898500025,72.12078044900045,1.0,1.0,0.039441554354152975,0,1.0010907830882472,3379.1791103861424,10910.368393235995,,0,,1,0
rare_top,91001,ordinal_spline,0.0015352681509026402,0.0001379043650836071,0.010987630293940046,0.5433155703859798,1.0653695705298671,0.050999999999999934,0.06600000000000006,,,,,,,,7.089894449308076e-09,0,0,,
rare_top,91001,ordinal_scale,0.0017944833863118644,0.0006064358180455568,0.012649494200227505,0.5439002091575418,1.066326739002651,0.04299999999999993,0.14400000000000002,,,,,,,,2.775580465014326e-12,0,0,,
rare_top,91001,boosted_tree,0.0033641420117303694,0.0007520267009235437,0.012359454622283645,0.5656172680280982,1.1215616728027047,12.022937645000638,0.05891913399955229,,,,,,,,,0,,,
rare_top,91001,binary_longbet,,0.0008973249051573255,,,,100.6005839239997,39.28678474300068,1.0,1.0,0.059900375715612096,0,1.004073815121236,1104.2597984439024,6006.915053795284,,0,,1,0
rare_top,91002,ordinal_longbet,0.0012101805796544975,0.0004915885892818481,0.041255401547499924,0.5342121867980704,1.0331343469010412,280.83562743400034,76.28546345300038,0.8666666666666667,0.8333333333333334,0.048357440467084456,0,1.0020272509202344,3468.57799293382,10793.051269517067,,0,,1,0
rare_top,91002,ordinal_spline,0.0027155147248945537,0.0005216044233349995,0.0539402321181859,0.5341959315749586,1.0348692351503461,0.07499999999999996,0.11599999999999988,,,,,,,,3.679314630744557e-10,0,0,,
rare_top,91002,ordinal_scale,0.0029209167234032765,0.00043600167907986665,0.052078622293093346,0.5346139004343173,1.0369275031484912,0.061000000000000165,0.20299999999999985,,,,,,,,5.400124791776761e-13,0,0,,
rare_top,91002,boosted_tree,0.00557610508257542,3.169444861901743e-05,0.026642672809826268,0.5600508545681157,1.0953074150754225,20.757359802000792,0.0871685920001255,,,,,,,,,0,,,
rare_top,91002,binary_longbet,,0.0004788776404010724,,,,104.31320856100047,32.41200344900062,1.0,1.0,0.0727754691421675,0,1.0039486548733074,1675.4747892344399,1722.655189246722,,0,,1,0
rare_top,91003,ordinal_longbet,0.00047310606180265224,2.4577847367017647e-05,0.0024291576256419522,0.543925689363995,1.0625737552253363,262.7249563819996,88.20828694299962,1.0,1.0,0.04660919138031786,0,1.0014402187495222,4419.395707306979,10683.31026946852,,0,,1,0
rare_top,91003,ordinal_spline,0.0014099993244318335,5.088321874181542e-05,0.004335615500490626,0.5459646337581832,1.0674417002206213,0.09200000000000008,0.07200000000000006,,,,,,,,6.248335182590381e-12,0,0,,
rare_top,91003,ordinal_scale,0.0016066276031466572,9.801442537672653e-05,0.004298795497141527,0.5460694878407125,1.0683037973235865,0.05300000000000016,0.06799999999999984,,,,,,,,1.3421735706324155e-11,0,0,,
rare_top,91003,boosted_tree,0.004305897737575584,0.0007813558621685557,0.007674912962744063,0.5665461402568994,1.117467782847718,18.60356712199973,0.08768242000041937,,,,,,,,,0,,,
rare_top,91003,binary_longbet,,0.0007551711541662172,,,,95.98489858599987,26.11587793400031,0.8333333333333334,0.8333333333333334,0.06538698646169598,0,1.0042673816609706,1246.911026814701,5059.5390212334805,,0,,1,0
rare_top,91004,ordinal_longbet,0.0017473263546576724,0.0004574774532233475,0.036139103823372355,0.5421620241089836,1.047195145162383,268.5246531539997,77.01538488999995,0.8666666666666667,0.6666666666666666,0.05282867439193245,0,1.0015658730946644,3940.112310096511,11196.01234702731,,0,,1,0
rare_top,91004,ordinal_spline,0.0027446786778215293,0.0005018352283999195,0.04779644878206734,0.5426336095637675,1.0478288994710188,0.07600000000000007,0.08699999999999997,,,,,,,,4.348095217210357e-10,0,0,,
rare_top,91004,ordinal_scale,0.002965993324712643,0.0006815537114111366,0.04857795945319642,0.5434035250296975,1.0496700462263402,0.17899999999999983,0.07200000000000006,,,,,,,,2.433608869978343e-13,0,0,,
rare_top,91004,boosted_tree,0.004130676208580603,0.0005378362560495478,0.023878092482957646,0.5622656620680748,1.0997602684528,20.42903212500005,0.09159629600071639,,,,,,,,,0,,,
rare_top,91004,binary_longbet,,0.0007259616093163826,,,,107.50433942099971,28.94492882099985,1.0,1.0,0.08789870813877008,0,1.0023307941067763,1407.8932894362492,5577.124328349432,,0,,1,0
rare_top,91005,ordinal_longbet,0.0012043105551449954,9.193700406328417e-05,0.018797816316713078,0.5335979963078715,1.019277103664289,266.5229785829997,72.13233500000024,0.7666666666666667,0.8333333333333334,0.03876929221904981,0,1.0011528024133722,3617.485020555492,10467.523184725302,,0,,1,0
rare_top,91005,ordinal_spline,0.002296264167882874,0.00011666524179132781,0.02476962172499309,0.5316133160681878,1.0164439520157509,0.07900000000000018,0.07599999999999985,,,,,,,,1.8740786700277567e-10,0,0,,
rare_top,91005,ordinal_scale,0.0025363425498029354,0.00016602383062512682,0.024131393616876395,0.5312810336182856,1.0166331011601604,0.07400000000000007,0.07600000000000007,,,,,,,,6.306619180218576e-07,0,0,,
rare_top,91005,boosted_tree,0.003885779122505083,0.0001464189436369801,0.005588985888972233,0.5563912718093211,1.0779483612635916,22.362271053999393,0.1058956799997759,,,,,,,,,0,,,
rare_top,91005,binary_longbet,,0.0002390185514834906,,,,98.54288618999999,27.651103485999556,0.8333333333333334,0.8333333333333334,0.06882901733236695,0,1.003766671145874,1185.474258539406,1573.8716291265023,,0,,1,0
rare_top,91006,ordinal_longbet,0.00039655631273473064,1.2244276652059117e-05,0.0016129356551906303,0.5632202910721477,1.0848394369216325,260.8291402340001,70.8589290330001,1.0,1.0,0.04784175391919628,0,1.0017818759644628,3574.4505401406286,10403.486175534183,,0,,1,0
rare_top,91006,ordinal_spline,0.0010460850025576739,2.0481190573148404e-05,0.0025307470947625167,0.5621360097291721,1.0827908393642403,0.07399999999999984,0.07600000000000007,,,,,,,,1.0438128583700745e-08,0,0,,
rare_top,91006,ordinal_scale,0.0016537336361743791,0.000623266762310944,0.0029308847659384033,0.5633626129907675,1.0847198910708153,0.05400000000000005,0.06799999999999984,,,,,,,,3.7888530789855505e-09,0,0,,
rare_top,91006,boosted_tree,0.0036484075353169694,0.0006500207347806753,0.001979030572054784,0.5840579226731754,1.1366830766728648,19.514947769999708,0.0721704529996714,,,,,,,,,0,,,
rare_top,91006,binary_longbet,,0.0009738939998327635,,,,97.92841098600002,28.88394033500026,1.0,1.0,0.08829756167882197,0,1.0013647863694959,1733.6596062082788,4566.43010480498,,0,,1,0
rare_top,91007,ordinal_longbet,0.0017172851097919108,0.000176550864165602,0.025924934924923603,0.5178988217590251,0.9840393748290145,248.03197271199952,84.66276288999961,0.9333333333333333,1.0,0.03360271258433348,0,1.0019837045258244,1931.539197415634,8390.893887578723,,0,,1,0
rare_top,91007,ordinal_spline,0.0041472449813824966,0.0001679151153505964,0.01856623150673334,0.5223210581244602,0.9931545692422844,0.06799999999999995,0.08499999999999996,,,,,,,,7.130118717668665e-11,0,0,,
rare_top,91007,ordinal_scale,0.004778194751402751,7.569375730927395e-05,0.01715615479502104,0.5233769604276876,0.9935113152220949,0.05400000000000005,0.18900000000000006,,,,,,,,2.493086617888733e-10,0,0,,
rare_top,91007,boosted_tree,0.004829009960555417,0.00011192743517168418,0.016726706143490446,0.5351409408395025,1.0269662558833283,21.09186113099986,0.08394803299961495,,,,,,,,,0,,,
rare_top,91007,binary_longbet,,9.49172924676987e-05,,,,100.33466579800006,27.599426446000507,1.0,1.0,0.07037358310481064,0,1.0051267397732133,989.0062718825014,901.78131075699,,0,,1,0
rare_top,91008,ordinal_longbet,0.0013170841284373743,6.44944546335865e-05,0.013154892722541193,0.5443052012374869,1.05237236702112,268.2133460899995,84.09793225199974,0.7666666666666667,1.0,0.05122776376981627,0,1.0009955763461198,3275.1200937899957,11402.473926771176,,0,,1,0
rare_top,91008,ordinal_spline,0.0021624391924462026,0.0002332527020713959,0.010001379830467762,0.5458465510923567,1.0573518088856306,0.08800000000000008,0.07800000000000007,,,,,,,,5.7448463763876134e-09,0,0,,
rare_top,91008,ordinal_scale,0.0020238231160318925,7.631556335441885e-05,0.010227196309070527,0.5466825335786225,1.0597743924751917,0.06000000000000005,0.07299999999999995,,,,,,,,2.466432669697176e-12,0,0,,
rare_top,91008,boosted_tree,0.0032241919321400504,0.000609042797646754,0.021812125231302017,0.5660225915780532,1.1021447154554262,20.540712555000027,0.08992873799979861,,,,,,,,,0,,,
rare_top,91008,binary_longbet,,0.00039473077409415275,,,,100.51875875100086,26.761006531998646,1.0,1.0,0.07429706178906292,0,1.0030695473179545,1228.9201872458568,3739.795584597563,,0,,1,0
rare_top,91009,ordinal_longbet,0.0005457532714829899,7.863100997269988e-05,0.00852417903601972,0.5465733947873138,1.0603903047597474,267.48024395500033,75.99165447999985,1.0,1.0,0.041021981553263094,0,1.0033355323203546,2376.794136950892,10542.63165256363,,0,,1,0
rare_top,91009,ordinal_spline,0.0015901470936523876,0.00013873148159704277,0.01286727681895502,0.5467377486676912,1.0623770150303182,0.07399999999999984,0.07500000000000018,,,,,,,,1.688447959224959e-08,0,0,,
rare_top,91009,ordinal_scale,0.001891040860181696,8.076872701412056e-05,0.010989454839314261,0.5479208340393343,1.0647464664132913,0.06000000000000005,0.07200000000000006,,,,,,,,1.2025824780437233e-11,0,0,,
rare_top,91009,boosted_tree,0.0038042880280825496,0.0003000277708889532,0.004434543792995325,0.570645984451841,1.128186134063165,20.731688820000272,0.08765288699942175,,,,,,,,,0,,,
rare_top,91009,binary_longbet,,0.00042933282192887467,,,,95.58603205899999,29.29142291000062,1.0,1.0,0.06259792379593511,0,1.0044281105607387,926.8754402510621,2215.878829738145,,0,,1,0
rare_top,91010,ordinal_longbet,0.0008815859570032299,0.00017349474907053566,0.010147212419182169,0.5358770600007531,1.0442279652321933,256.8590080970007,83.49323353,0.8666666666666667,0.8333333333333334,0.031694620814944015,0,1.0009416337205275,4696.607675201037,9402.565206210298,,0,,1,0
rare_top,91010,ordinal_spline,0.0017438799281150777,0.00019477083752744356,0.014247873425436349,0.5352419308768913,1.0436069422450378,0.09599999999999997,0.07299999999999995,,,,,,,,5.222489107836736e-13,0,0,,
rare_top,91010,ordinal_scale,0.0019771574096689028,0.0005742997318746823,0.01578424238713577,0.534759052108132,1.0447465145417663,0.052000000000000046,0.06499999999999995,,,,,,,,4.2278628081332783e-08,0,0,,
rare_top,91010,boosted_tree,0.0038332363937182094,0.0005228836523671526,0.009961223809503221,0.5556852527601363,1.0997927761480688,18.578114217001712,0.08455107000008866,,,,,,,,,0,,,
rare_top,91010,binary_longbet,,0.0004462140032673036,,,,100.46033811100097,26.13933365899902,0.8333333333333334,0.8333333333333334,0.05721982171192689,0,1.0032225292847399,1028.7366851987904,1633.8596697140606,,0,,1,0
rare_top,91011,ordinal_longbet,0.0006370724441960136,0.0001113287356645656,0.009710117798877857,0.5455458190220422,1.061193262972042,272.87171714300166,77.92312518000108,0.9333333333333333,0.8333333333333334,0.042733415911186436,0,1.0032087654808968,3231.1414243538406,10834.602514798282,,0,,1,0
rare_top,91011,ordinal_spline,0.0018103387809296088,0.0001660566888844015,0.014630434370818247,0.5447707412033549,1.0591006816550474,0.07499999999999996,0.07400000000000007,,,,,,,,2.2758405382461433e-07,0,0,,
rare_top,91011,ordinal_scale,0.0024074909469140836,0.0001295772221302755,0.013573231488936644,0.5458490116852427,1.0610111007243554,0.05699999999999994,0.10000000000000009,,,,,,,,2.095501550058998e-11,0,0,,
rare_top,91011,boosted_tree,0.0046035788666976,0.00015728104427967834,0.006050162032679864,0.5720228972991264,1.127155021189039,20.755318358000295,0.08987789599996177,,,,,,,,,0,,,
rare_top,91011,binary_longbet,,0.0004459989379053493,,,,104.46254476300055,28.48066137600108,0.8333333333333334,0.8333333333333334,0.07167538552785113,0,1.0028721312121074,1752.6370944335831,3661.3461999884685,,0,,1,0
rare_top,91012,ordinal_longbet,0.0004674345888930771,2.4222132462705494e-05,0.004028895902749653,0.5784369194891175,1.1059861535208835,788.1266371229995,231.0569300219977,1.0,1.0,0.042801092639811376,0,1.0008670863166722,6728.720730531084,21232.056809736663,,0,,2,29
rare_top,91012,ordinal_spline,0.0012724520030018124,2.3638774417468537e-05,0.008940729854590278,0.5787183940915429,1.1061018951920805,0.09599999999999997,0.06900000000000017,,,,,,,,3.95857568946667e-10,0,0,,
rare_top,91012,ordinal_scale,0.001809799456491452,9.547645163941644e-05,0.0080042203451697,0.5795110415150551,1.1085442261161695,0.04800000000000004,0.06899999999999995,,,,,,,,3.469580178716569e-11,0,0,,
rare_top,91012,boosted_tree,0.004351088695935081,0.00015913433381523374,0.001387575004503,0.6012672306092031,1.1767134171026294,22.32477722800104,0.0782231370012596,,,,,,,,,0,,,
rare_top,91012,binary_longbet,,0.00020103661193438934,,,,107.51589132500158,26.405638493999504,0.8333333333333334,0.8333333333333334,0.07769896028621578,0,1.0026834096972272,1167.1384314109857,1903.6226587577296,,0,,1,0
rare_top,91013,ordinal_longbet,0.0012457610126657935,0.00011217980387936699,0.017077124694041344,0.5260644283613998,1.0219584958085703,262.15551435999987,77.96323180999934,0.8,1.0,0.04763185292810621,0,1.002214609887205,3834.6852768047233,12054.15462511489,,0,,1,0
rare_top,91013,ordinal_spline,0.002596433935798055,0.00017397208334526439,0.015577521323026854,0.5280241449052034,1.0275567009585427,0.07499999999999996,0.07700000000000018,,,,,,,,1.9539925233402755e-13,0,0,,
rare_top,91013,ordinal_scale,0.0029259072868289947,0.00015778087769239733,0.015707858946218078,0.5281910186906874,1.0282404120186635,0.05599999999999983,0.10400000000000009,,,,,,,,1.4566126083082054e-13,0,0,,
rare_top,91013,boosted_tree,0.003434226010672139,0.00027665137096150803,0.01745854048096361,0.5434723213710507,1.0704246330247453,20.74958762999995,0.09193219900043914,,,,,,,,,0,,,
rare_top,91013,binary_longbet,,0.0001817027387716883,,,,101.2097284499996,27.399135859001035,1.0,1.0,0.07360047021344741,0,1.0012508766790293,1763.507179694432,3227.7182360616794,,0,,1,0
rare_top,91014,ordinal_longbet,0.0007033936410535216,6.817345737483972e-05,0.011748734925651668,0.5142685953760883,0.992637007388269,266.81172213399987,74.14264011300111,0.9666666666666667,1.0,0.03919067673733049,0,1.004169718044616,2147.2762789540197,7294.081161876553,,0,,1,0
rare_top,91014,ordinal_spline,0.0017817732079794609,7.74124936130188e-05,0.011236173971860183,0.5143527813098918,0.992954909746289,0.07399999999999984,0.1200000000000001,,,,,,,,7.578204730407379e-11,0,0,,
rare_top,91014,ordinal_scale,0.0020205284606524218,0.00014298114462796998,0.011189892531868403,0.5148486173107809,0.9944391139982349,0.05800000000000005,0.22399999999999998,,,,,,,,8.925216121724588e-11,0,0,,
rare_top,91014,boosted_tree,0.0033998722918094845,0.00021134134940248457,0.010631605387099244,0.5292987636998938,1.035479211229035,21.24957368899959,0.08689639099975466,,,,,,,,,0,,,
rare_top,91014,binary_longbet,,0.0002698050246278724,,,,101.80585125899961,26.692760436000754,0.8333333333333334,0.8333333333333334,0.06265580350154772,0,1.0043927623762956,1193.1458971171282,5857.553014819148,,0,,1,0
rare_top,91015,ordinal_longbet,0.0005350184352390048,9.298359841655047e-05,0.005038410842848699,0.5431787102564023,1.062795831825152,279.80370538999887,74.90917685100067,1.0,1.0,0.033984889951194766,0,1.0005398470306317,4545.840971392886,10621.855363956167,,0,,1,0
rare_top,91015,ordinal_spline,0.0018296207036591916,9.204542339230199e-05,0.006104332552172896,0.5440249936792633,1.0671221758118392,0.08000000000000007,0.127,,,,,,,,6.044942324479052e-12,0,0,,
rare_top,91015,ordinal_scale,0.0022251570599488876,9.687549732058385e-05,0.005302524731907427,0.5440282580306476,1.0650112516095729,0.07000000000000006,0.2549999999999999,,,,,,,,7.224554288143281e-12,0,0,,
rare_top,91015,boosted_tree,0.00399122595424417,0.00019773781114106203,0.0038314694471122414,0.563816818581603,1.1176345094128692,21.69316843500019,0.09936712499984424,,,,,,,,,0,,,
rare_top,91015,binary_longbet,,6.779878604485592e-05,,,,99.88317396400089,27.512360300999717,1.0,1.0,0.05949727042446016,0,1.002189452742695,2320.2365460496303,3447.475433907043,,0,,1,0
rare_top,91016,ordinal_longbet,0.00037645040356923626,2.79705953340126e-05,0.0042991889388665,0.5400967895628012,1.0351432399539147,266.14948239299883,76.53803721499935,1.0,1.0,0.03829090862201512,0,1.0010471243671166,4958.980917492027,9039.49034344175,,0,,1,0
rare_top,91016,ordinal_spline,0.0016636532681989615,4.0473011820118117e-05,0.004683327205597827,0.5410259959316519,1.039159056737704,0.07400000000000007,0.08499999999999996,,,,,,,,1.1546319456101628e-13,0,0,,
rare_top,91016,ordinal_scale,0.0021540514340873396,0.0001249140535841254,0.004132133875973155,0.5417989888161985,1.0424071011290086,0.07699999999999996,0.07200000000000006,,,,,,,,3.9300340759496066e-11,0,0,,
rare_top,91016,boosted_tree,0.004448566652867286,0.00032164139486976786,0.009031625021811783,0.5649780864169796,1.1047893440563796,20.200862284000323,0.09178853999947023,,,,,,,,,0,,,
rare_top,91016,binary_longbet,,0.00040736303925141044,,,,94.58615143700081,27.103610434000075,1.0,1.0,0.05868044927871472,0,1.0014498817173074,1924.6367128770084,3753.1881095254907,,0,,1,0
rare_top,91017,ordinal_longbet,0.0007376018908323829,0.0001080687428347252,0.007385014482803781,0.5298397287347628,1.0302040706007018,257.47264605500095,70.56377794199943,1.0,1.0,0.04885037644777965,0,1.003081764431862,2276.1235378716788,11404.880237791083,,0,,1,0
rare_top,91017,ordinal_spline,0.0021721725906176746,0.00011611374615022032,0.01230382799405863,0.532933918054676,1.0370270894366806,0.07800000000000007,0.11199999999999988,,,,,,,,7.405508206659306e-09,0,0,,
rare_top,91017,ordinal_scale,0.002162579980145391,0.00025918953082772065,0.01455432351874745,0.5333221457677341,1.0367683656315938,0.06700000000000017,0.20899999999999985,,,,,,,,3.559459909041607e-07,0,0,,
rare_top,91017,boosted_tree,0.004573060744093341,9.363416245555913e-05,0.005976119435448239,0.5516795419038661,1.087000005312222,19.179044504000558,0.09218206700097653,,,,,,,,,0,,,
rare_top,91017,binary_longbet,,0.00018088068228566605,,,,96.86634265799876,27.13878414499959,1.0,1.0,0.07961934362344125,0,1.0016726480279483,2411.0446674997493,3381.2460786201054,,0,,1,0
rare_top,91018,ordinal_longbet,0.0004432238166115134,8.097998409480505e-05,0.005979055873805081,0.5569909652036245,1.0751818730182696,255.85381275100008,72.67648102800013,1.0,1.0,0.04833727355865736,0,1.0011362469591054,3653.398940962525,11418.282402117766,,0,,1,0
rare_top,91018,ordinal_spline,0.002594309739278042,0.0001230756606326852,0.014154055741673117,0.5579235150509654,1.0779546627826222,0.07800000000000007,0.07599999999999985,,,,,,,,4.330638603278203e-08,0,0,,
rare_top,91018,ordinal_scale,0.0032751031079518247,0.0003901736095754113,0.013372718228325727,0.5600307570751579,1.0835425482275842,0.053999999999999826,0.06900000000000017,,,,,,,,8.025828002189428e-09,0,0,,
rare_top,91018,boosted_tree,0.0041961744175287655,0.00020334395430291827,0.005694394145326375,0.5722357177647421,1.109520662651808,20.732468969001275,0.0877970239998831,,,,,,,,,0,,,
rare_top,91018,binary_longbet,,0.00047090565891611306,,,,99.73680640599923,26.688012927999807,0.8333333333333334,0.8333333333333334,0.07192346704008129,0,1.00183081903531,2150.7568010131067,4921.7277937528615,,0,,1,0
rare_top,91019,ordinal_longbet,0.0014885072525751579,6.174353985806339e-05,0.018593281156879058,0.5621857394259794,1.0892366792254609,261.40007270299975,59.54057810000086,0.8,0.8333333333333334,0.04130101885906243,0,1.0011313579490306,4839.59379442214,10487.867165268195,,0,,1,0
rare_top,91019,ordinal_spline,0.0025587286502568997,7.480050770282922e-05,0.022424251043506847,0.5616235928060517,1.0885100636700689,0.06699999999999995,0.09000000000000008,,,,,,,,8.214939839490398e-11,0,0,,
rare_top,91019,ordinal_scale,0.002716456154064275,0.00016574214594023047,0.02243296879436779,0.5622975215154733,1.0899272420664186,0.050999999999999934,0.18100000000000005,,,,,,,,1.5649259665906357e-11,0,0,,
rare_top,91019,boosted_tree,0.004667872109350869,0.00020221340302733004,0.011002666605783367,0.5868028306881988,1.1573480220787313,17.888007523999477,0.08599878300083219,,,,,,,,,0,,,
rare_top,91019,binary_longbet,,0.0002853394161021904,,,,69.54408654399958,22.2401840800012,0.8333333333333334,0.8333333333333334,0.0706063424654227,0,1.0040059565144854,1047.8785830970476,2482.8719672113602,,0,,1,0
dispersion,91000,ordinal_longbet,0.0282817049247556,0.0424542612541948,0.001583621433928573,0.7777613457503149,1.5518610349110395,623.2319213279998,242.2006466620005,0.0,0.0,0.06965535109883475,2,1.0037362430787395,1102.2316000746712,326.76280272961617,,0,,2,2
dispersion,91000,ordinal_spline,0.029368363186057903,0.03964845988782016,0.004755666872550039,0.7815701330271573,1.5634046356192541,0.050000000000000044,0.05400000000000005,,,,,,,,3.454908146238722e-07,0,0,,
dispersion,91000,ordinal_scale,0.0016495288998700259,0.0015752642325921034,0.005871708359715431,0.7473167300952677,1.4674571268405008,0.04400000000000004,0.05700000000000005,,,,,,,,1.588137144015178e-08,0,0,,
dispersion,91000,boosted_tree,0.0066867622909908735,0.0012049544290799168,0.016024152712834416,0.7839504378198233,1.5489462985347502,12.40143598800023,0.06129454900019482,,,,,,,,,0,,,
dispersion,91001,ordinal_longbet,0.027795369403526508,0.03974184430375707,0.004422953492087912,0.7813532405928331,1.5630781681135943,208.68802922000032,75.08569992899993,0.0,0.0,0.0914509210006806,0,1.0040378230415712,724.569142547294,2757.3845489120326,,0,,1,0
dispersion,91001,ordinal_spline,0.029939017353061925,0.04042009591945706,0.02777935817662579,0.7838244686037183,1.5682409743434378,0.05300000000000005,0.051000000000000045,,,,,,,,2.953949973516501e-09,0,0,,
dispersion,91001,ordinal_scale,0.001808249572626272,0.0033569435355601516,0.03372128847994529,0.7525225177142325,1.4849065383683917,0.061999999999999944,0.051000000000000045,,,,,,,,1.1262102361797588e-11,0,0,,
dispersion,91001,boosted_tree,0.005657424802474604,0.0010896337382221698,0.024096189388616292,0.7754522288085742,1.53509878953953,12.313334211999972,0.06056959699981235,,,,,,,,,0,,,
dispersion,91002,ordinal_longbet,0.026682723887737566,0.033890854516204,0.011006613488038275,0.7837686845050134,1.5723191888247954,648.5925817239995,263.9022409830004,0.0,0.0,0.093632526718731,7,1.0394938697551082,91.20700008708947,1178.7413609300652,,0,,2,13
dispersion,91002,ordinal_spline,0.028521006426463734,0.024230701576158805,0.07181500991592088,0.7830939176761192,1.5726314790100857,0.06999999999999995,0.06700000000000017,,,,,,,,2.273181642920008e-10,0,0,,
dispersion,91002,ordinal_scale,0.0022212609989482254,0.0030793861924490067,0.03195650430799759,0.7598924627527824,1.4946051335200687,0.05899999999999994,0.06800000000000006,,,,,,,,6.732771007378346e-10,0,0,,
dispersion,91002,boosted_tree,0.006158151287567879,0.0036106039196679186,0.04432745241841698,0.7889062696407646,1.5696098644264078,18.901219790999676,0.08361341999989236,,,,,,,,,0,,,
dispersion,91003,ordinal_longbet,0.02821650631113183,0.04237568213519446,0.004122842400253735,0.7788014806766665,1.5531020349643703,640.3619892419993,234.32780486699994,0.0,0.0,0.08820288159748169,1,1.0086518462844023,499.70405407011566,183.9092307135654,,0,,2,1
dispersion,91003,ordinal_spline,0.03033589016627153,0.041847199129576955,0.012273466699294905,0.7807443492971885,1.5593475393099492,0.07699999999999996,0.10499999999999998,,,,,,,,1.6377228462260973e-09,0,0,,
dispersion,91003,ordinal_scale,0.0015342192239885023,0.0011604106711320345,0.00800863389891358,0.7401079963048005,1.4535641275292126,0.06799999999999984,0.07299999999999995,,,,,,,,1.8688051106607872e-10,0,0,,
dispersion,91003,boosted_tree,0.005308149318603731,0.0004914041259659663,0.0025158347896018568,0.7606588676035771,1.503604119057871,22.786531952000587,0.08367417800036492,,,,,,,,,0,,,
dispersion,91004,ordinal_longbet,0.0269203351815475,0.0348084087590936,0.005280796519256436,0.7802971759301417,1.5624387792514804,660.1663470739995,238.8130401039998,0.0,0.0,0.1039008264585004,0,1.0029835522396393,769.9950188480291,2777.1602410120245,,0,,2,15
dispersion,91004,ordinal_spline,0.029121107702619237,0.024795060703229805,0.04055142961411322,0.7812344568466357,1.5641406281647658,0.07400000000000007,0.07600000000000007,,,,,,,,6.536993168992922e-13,0,0,,
dispersion,91004,ordinal_scale,0.002431365710413306,0.0031249984336698994,0.055618883472597656,0.7454850158109517,1.4635905157008178,0.05999999999999983,0.07100000000000017,,,,,,,,4.2389958765376434e-09,0,0,,
dispersion,91004,boosted_tree,0.007822834003086135,0.002518675549734855,0.06757093581026276,0.7734042251771435,1.5312835476637872,20.76414181799919,0.10482001999935164,,,,,,,,,0,,,
dispersion,91005,ordinal_longbet,0.028380061639372005,0.046219620554110157,0.012333787372917111,0.7826659031401345,1.5638387322496012,216.24989986400033,75.60029146899979,0.03333333333333333,0.0,0.07906766704122506,0,1.0015276000842521,4306.3155009255315,7971.790520132136,,0,,1,0
dispersion,91005,ordinal_spline,0.03016160836357834,0.05550254513939914,0.041156569850503345,0.7831074014630819,1.5650133392549583,0.09299999999999997,0.07299999999999995,,,,,,,,5.782041512247815e-13,0,0,,
dispersion,91005,ordinal_scale,0.0018407195205562034,0.0006304729271751499,0.025786270739876372,0.7418621344197317,1.4479966671495268,0.07800000000000007,0.07199999999999984,,,,,,,,7.465139617579553e-13,0,0,,
dispersion,91005,boosted_tree,0.005667912327182076,0.00023596788619967092,0.005682518518001153,0.7810558282555521,1.537999103450992,21.421457448999718,0.08962275499925454,,,,,,,,,0,,,
dispersion,91006,ordinal_longbet,0.027979457567622965,0.04385588996762283,0.0036179637113859446,0.7766615755598019,1.5494461633687249,211.11872414199934,73.2086426220003,0.0,0.0,0.07728476436200975,0,1.001427297149433,1808.373311434892,3595.5785754528774,,0,,1,0
dispersion,91006,ordinal_spline,0.030436137963098707,0.05420126771489694,0.030295636771457635,0.7776868192278931,1.551843611831941,0.07300000000000018,0.07599999999999985,,,,,,,,3.2791547255328624e-12,0,0,,
dispersion,91006,ordinal_scale,0.0016537618986033698,0.0010263467243932804,0.02209874333293888,0.7501100310568862,1.4776774404988728,0.07200000000000006,0.07800000000000007,,,,,,,,7.631575371647159e-10,0,0,,
dispersion,91006,boosted_tree,0.006998057432730177,0.000826978743243029,0.00296812295592072,0.7785697539137241,1.535731309406693,17.896452122000483,0.09711665699978766,,,,,,,,,0,,,
dispersion,91007,ordinal_longbet,0.02773805441001472,0.0417153417467557,0.015590238620013254,0.7798094457608078,1.5566062516983417,618.8841905629988,239.9558000930001,0.0,0.0,0.08803840799228556,0,1.0015818545392614,1458.2225296015367,1889.0288009334986,,0,,2,1
dispersion,91007,ordinal_spline,0.030552431055011344,0.04637488696823585,0.049103008070253445,0.7847808390424087,1.573924387218081,0.07600000000000007,0.09000000000000008,,,,,,,,2.6428637056596926e-11,0,0,,
dispersion,91007,ordinal_scale,0.004366581121194985,0.003261235816383622,0.06387574671124979,0.7462002600004575,1.4518629409578374,0.06899999999999995,0.18600000000000017,,,,,,,,1.0125233984581428e-13,0,0,,
dispersion,91007,boosted_tree,0.007043352919507188,0.003651929339349143,0.0226419102425241,0.7685364069257362,1.5082980624921514,20.265452861000085,0.08952492399930634,,,,,,,,,0,,,
dispersion,91008,ordinal_longbet,0.028116177403176228,0.044674859367832026,0.00724624105670225,0.7846126909017386,1.5714072483448178,224.92462570600037,83.39369529199939,0.0,0.0,0.07812554658351219,0,1.0033591654177623,964.3342029324238,3637.7687401229114,,0,,1,0
dispersion,91008,ordinal_spline,0.029081183599473308,0.04387672925207211,0.033711710442070726,0.7867784997378793,1.5837500473612252,0.08099999999999996,0.07800000000000007,,,,,,,,3.255351543884899e-11,0,0,,
dispersion,91008,ordinal_scale,0.0023387659274190045,0.0016670191899646435,0.02380090385712744,0.7504400748387006,1.46778193613581,0.07600000000000007,0.10299999999999998,,,,,,,,6.056030676937496e-11,0,0,,
dispersion,91008,boosted_tree,0.006125971283521256,0.002029328482917719,0.010183075297688119,0.7739012386820813,1.5221017349713912,21.638755992999904,0.10137903699978779,,,,,,,,,0,,,
dispersion,91009,ordinal_longbet,0.02811140661784301,0.04837863488387425,0.03344186990653521,0.7818069472116118,1.5632122496833927,660.7078569679998,245.19067015400105,0.0,0.0,0.06966216304459437,0,1.0072864567399,781.5593372449987,1429.5284098710833,,0,,2,1
dispersion,91009,ordinal_spline,0.030765123947412088,0.051186895647821244,0.04896499031943515,0.7827021158961391,1.560419322481484,0.08900000000000008,0.08899999999999997,,,,,,,,1.9539925233402755e-13,0,0,,
dispersion,91009,ordinal_scale,0.002234055239543779,0.0006372313244307626,0.030699579119907044,0.7466172679112761,1.4715180079871268,0.062000000000000055,0.17399999999999993,,,,,,,,1.5869527913991988e-11,0,0,,
dispersion,91009,boosted_tree,0.006045028284389236,0.0003729233608823083,0.016971066935120755,0.7746117918567383,1.5382532458330869,19.031133509999563,0.08443699700001162,,,,,,,,,0,,,
dispersion,91010,ordinal_longbet,0.02774113783278903,0.04249739613613456,0.009837505474750265,0.7781149836248585,1.5517833254234545,670.5298738779984,228.12754485500045,0.03333333333333333,0.0,0.0830323238291606,0,1.0032864968025668,1101.9702060628465,7095.601225960667,,0,,2,5
dispersion,91010,ordinal_spline,0.028957473538715073,0.04475977106304058,0.034414066741135334,0.7802624395613205,1.5603477859361448,0.07899999999999996,0.07700000000000018,,,,,,,,4.190425784145191e-12,0,0,,
dispersion,91010,ordinal_scale,0.0018507748373300173,0.0020814320224134286,0.028938299422120076,0.7464970440808998,1.4612346947044785,0.08499999999999996,0.07699999999999996,,,,,,,,2.637552398709886e-10,0,0,,
dispersion,91010,boosted_tree,0.006529676691823216,0.0009178684783164361,0.010116968792826543,0.7707162828178272,1.5182631186202618,21.342613062000964,0.08783910000056494,,,,,,,,,0,,,
dispersion,91011,ordinal_longbet,0.028347533356639608,0.04420630405605767,0.01902449565217741,0.7805952891929198,1.5573767877284637,208.18129815199973,83.09733892099939,0.0,0.0,0.11653391520161148,0,1.0008760956712222,2613.832621697142,3727.1037238218123,,0,,1,0
dispersion,91011,ordinal_spline,0.030233377812524054,0.043942337542494964,0.05083513797468183,0.7833781792098022,1.568448338469422,0.11099999999999999,0.07400000000000007,,,,,,,,4.11226608321158e-11,0,0,,
dispersion,91011,ordinal_scale,0.0023203289083046663,0.0030199566494703823,0.03904031732421968,0.7513481151495287,1.4733895299436182,0.06500000000000017,0.07799999999999985,,,,,,,,4.111827545116853e-10,0,0,,
dispersion,91011,boosted_tree,0.006196882555257594,0.001448137837806793,0.019580407066251044,0.7826603531242694,1.5553716276090261,21.63420268000118,0.09438596900145058,,,,,,,,,0,,,
dispersion,91012,ordinal_longbet,0.02788740986402085,0.04095863261920183,0.007065818014074163,0.7871772298537345,1.5797910110738442,632.5054301710006,233.4434392539988,0.0,0.0,0.07877263666549364,0,1.0051584706258267,808.9391466080749,1198.4434627679154,,0,,2,8
dispersion,91012,ordinal_spline,0.029443584980096527,0.04280077856210965,0.014923790725823663,0.7889051877604447,1.5824477284467804,0.08699999999999997,0.07099999999999995,,,,,,,,3.050120369607612e-07,0,0,,
dispersion,91012,ordinal_scale,0.0016505628023394919,0.0010565191966228741,0.013594381860785945,0.7567387824620962,1.493310851625632,0.07900000000000018,0.06799999999999984,,,,,,,,8.772715887062077e-11,0,0,,
dispersion,91012,boosted_tree,0.006630360965800007,0.0004429909089747073,0.012915119575198078,0.7789270502625892,1.5448486405691955,19.44149164100054,0.07803804899958777,,,,,,,,,0,,,
dispersion,91013,ordinal_longbet,0.028263262992612472,0.04482473118459534,0.01699838641441772,0.779711465181441,1.558268874323092,212.34043759899942,79.20553049199953,0.0,0.0,0.08411186726083526,0,1.0009434855251946,3261.5995257325526,6087.413950594218,,0,,1,0
dispersion,91013,ordinal_spline,0.029429535919572224,0.04347057031952887,0.04199916957721659,0.7813170164753914,1.5643973522598826,0.08899999999999997,0.07200000000000006,,,,,,,,1.6062901408986363e-07,0,0,,
dispersion,91013,ordinal_scale,0.002067146799721886,0.003056056341661504,0.049625403548381734,0.7451000472392383,1.4618723551237245,0.07499999999999996,0.09000000000000008,,,,,,,,1.8550744274037356e-10,0,0,,
dispersion,91013,boosted_tree,0.006412340054916685,0.0035861793585721326,0.018038786152170676,0.7702069808595987,1.522946721211276,20.84292820399969,0.09043396299966844,,,,,,,,,0,,,
dispersion,91014,ordinal_longbet,0.02750198198348226,0.04012530959918762,0.0046443535921060495,0.7768411091763691,1.5520973407606435,670.682997844,225.67107718599982,0.0,0.0,0.08059048413333846,21,1.0410561446610813,87.4485433324722,180.65205723530661,,0,,2,6
dispersion,91014,ordinal_spline,0.029640287910978284,0.03804254262282212,0.010282356938879142,0.7776400667132428,1.552498316239346,0.07600000000000007,0.07299999999999995,,,,,,,,2.6980018219546764e-10,0,0,,
dispersion,91014,ordinal_scale,0.0021774914290880448,0.0012481982734185066,0.013898134129945306,0.743549759158036,1.4555374231053515,0.05500000000000016,0.08399999999999985,,,,,,,,8.748557434046234e-14,0,0,,
dispersion,91014,boosted_tree,0.005679468002296921,0.0007237538893668784,0.01784482197957052,0.7731970019665215,1.5275678264176085,21.640936103000058,0.09140848900096898,,,,,,,,,0,,,
dispersion,91015,ordinal_longbet,0.02763875548770891,0.04106480606641478,0.006019024556718239,0.7834276039441905,1.567464059752544,215.60042329599855,84.15677456400044,0.03333333333333333,0.0,0.09152491080899842,0,1.001408704867537,2246.7433955834586,7515.2171888344155,,0,,1,0
dispersion,91015,ordinal_spline,0.02902535208390999,0.0390461032132676,0.01806101936890413,0.7858497892533196,1.5764726007082535,0.07600000000000007,0.08899999999999997,,,,,,,,1.566604623803869e-10,0,0,,
dispersion,91015,ordinal_scale,0.0026425328731550677,0.0008631541949239522,0.01657191528273147,0.752048401326226,1.4770619872455297,0.06500000000000017,0.20699999999999985,,,,,,,,6.2303495695914535e-12,0,0,,
dispersion,91015,boosted_tree,0.0075319843231784174,0.0004072795318803468,0.012606410280914424,0.7815387163524652,1.5454350353042017,20.907280150999213,0.10005728600117436,,,,,,,,,0,,,
dispersion,91016,ordinal_longbet,0.028096976548655252,0.04264555449430771,0.013592568801939887,0.7839373305554403,1.5648271499446138,197.4988559479989,80.77912689100049,0.0,0.0,0.08914897253937105,0,1.0010491260484307,4560.157400239233,8875.26104901285,,0,,1,0
dispersion,91016,ordinal_spline,0.029308512897991162,0.0419261210762721,0.03565344802776708,0.7843318823869816,1.5662853334654943,0.07199999999999995,0.08100000000000007,,,,,,,,1.3917400565333082e-10,0,0,,
dispersion,91016,ordinal_scale,0.002255074986078158,0.0008368393437816502,0.04932335373443588,0.7524389849811688,1.4726582407080557,0.07600000000000007,0.07299999999999995,,,,,,,,1.2463363674442007e-11,0,0,,
dispersion,91016,boosted_tree,0.0060584016826560035,0.0028982250500347606,0.020122979473906392,0.7778429689356662,1.5356868401748751,20.76682599599917,0.08584586799952376,,,,,,,,,0,,,
dispersion,91017,ordinal_longbet,0.027899229758546636,0.03455437813659948,0.006044716934024617,0.77911968391226,1.562471448015233,210.41874575399925,84.1076668959995,0.0,0.0,0.09775419043150596,0,1.0052213620449564,1348.0238417293065,3014.2621505392367,,0,,1,0
dispersion,91017,ordinal_spline,0.028850239585592324,0.02592367876273761,0.03293406521432717,0.7806951347121258,1.569171969099065,0.07500000000000018,0.09699999999999998,,,,,,,,1.2789769243681803e-13,0,0,,
dispersion,91017,ordinal_scale,0.002807998231860909,0.002299138986313835,0.028917149957722637,0.7481727750691818,1.4711685232268101,0.06400000000000006,0.20199999999999996,,,,,,,,2.567495716032653e-09,0,0,,
dispersion,91017,boosted_tree,0.0065103468850533615,0.0007230004905487978,0.048200418104524044,0.7724784733200326,1.5214632313685637,20.41639333400053,0.08974616699924809,,,,,,,,,0,,,
dispersion,91018,ordinal_longbet,0.02790510631187156,0.040221856139820975,0.005172665154742115,0.7829068143637516,1.5668167854581847,565.7315319730005,170.67272739799955,0.0,0.0,0.10812648872738902,0,1.0086803518735095,465.27043603194846,432.4191796951002,,0,,2,3
dispersion,91018,ordinal_spline,0.030205195617011214,0.0446752192602895,0.022112735576570054,0.7835050222996642,1.5721580874232477,0.07200000000000006,0.07399999999999984,,,,,,,,1.8728169237647307e-07,0,0,,
dispersion,91018,ordinal_scale,0.002329925752283814,0.0034593765906897416,0.023759666006683458,0.7464188262694812,1.4667530457233602,0.05499999999999994,0.09299999999999997,,,,,,,,6.622369487507829e-08,0,0,,
dispersion,91018,boosted_tree,0.005670932064275891,0.0031535264083509887,0.027714452695787272,0.7677955161774308,1.510943975313963,21.367149244999382,0.09007477700106392,,,,,,,,,0,,,
dispersion,91019,ordinal_longbet,0.027881284817151523,0.038958110326112495,0.017713523642617326,0.7813031174421153,1.5715067467581387,211.49560796900005,69.6991941870001,0.0,0.0,0.07632284878654834,0,1.0012498910842709,4583.092823917728,10598.412557758293,,0,,1,0
dispersion,91019,ordinal_spline,0.029755982530976843,0.03489158273314682,0.02868540970896605,0.7806745999744308,1.566078831341002,0.06900000000000006,0.08600000000000008,,,,,,,,6.39034961835705e-07,0,0,,
dispersion,91019,ordinal_scale,0.0023579161557687055,0.001080987269005057,0.03607359179956851,0.746124775312196,1.4744973459353161,0.05899999999999994,0.18200000000000016,,,,,,,,1.6764367671839864e-13,0,0,,
dispersion,91019,boosted_tree,0.0063140683524503995,0.0009311703862761151,0.03842694607831613,0.7746746777048152,1.5399178859683782,18.775394624999535,0.08553943799961417,,,,,,,,,0,,,
